clean_text,PE_Firm_Name
Active Adventures,Fortitude Investment Partners
Aged Care Decisions,Fortitude Investment Partners
Aura Medical Group,Fortitude Investment Partners
Birch & Waite,Fortitude Investment Partners
Nomad Breads,Fortitude Investment Partners
Nutra Organics,Fortitude Investment Partners
Shorthand,Fortitude Investment Partners
The Energy Network (TEN),Fortitude Investment Partners
Machines4U,Fortitude Investment Partners
News & Updates,Allegro Funds
Careers,Allegro Funds
Investor Login,Allegro Funds
Return to home page,Allegro Funds
ESG and Responsible Investing,Allegro Funds
Linkedin,Allegro Funds
Disclaimer,Allegro Funds
Home,Anchorage Capital Partners
About,Anchorage Capital Partners
Responsibility,Anchorage Capital Partners
Insights,Anchorage Capital Partners
Ability First,Anchorage Capital Partners
Investorsnorth_east,Anchorage Capital Partners
more,Bain Capital
INVESTOR LOGIN,Bain Capital
LOCATIONS,Bain Capital
SEARCH,Bain Capital
Core Principles,CPE Capital
Pioneering Spirit,CPE Capital
Awards,CPE Capital
Disclaimer,CPE Capital
Modus,CPE Capital
Adventure Online,CPE Capital
Banksmeadow Recycling,CPE Capital
Performance and Returns,CPE Capital
Realised Investments,CPE Capital
Investment Approach,CPE Capital
Responsible Investment,CPE Capital
What We Look For,CPE Capital
Investment History,CPE Capital
Investor Login,Next Capital
Current,Next Capital
Past,Next Capital
Travviahttps://www.travviagroup.com/,Next Capital
Enviropacificwww.enviropacific.com.au,Next Capital
Eptecwww.eptec.com.au,Next Capital
TMXwww.tmxtransform.com,Next Capital
Silver Chefwww.silverchef.com.au,Next Capital
NZ Buscareers.nzbus.co.nz/home,Next Capital
iSeekwww.iseek.com.au,Next Capital
Noisettewww.noisette.com.au,Next Capital
Funlabwww.fun-lab.com,Next Capital
Lynch Groupwww.lynchgroup.com.au,Next Capital
Zenith Paymentswww.zenithpayments.com.au,Next Capital
Scentiawww.scentia.com.au,Next Capital
Globewestwww.globewest.com.au,Next Capital
Alloggiowww.alloggio.com.au,Next Capital
Infin8 Carehttps://www.infin8care.com.au/,Next Capital
Scottish Pacifichttps://www.scotpac.com.au/,Next Capital
Aerocarewww.aerocare.com.au,Next Capital
Discoveryhttps://www.gdaygroup.com.au/,Next Capital
Vitacohttps://vitacohealth.com/,Next Capital
GoBushttps://gobus.co.nz/,Next Capital
Compare Clubhttps://compareclub.com.au,Next Capital
Country Care Grouphttps://www.countrycaregroup.com.au/,Next Capital
Disclaimer,Next Capital
walterwakefield,Next Capital
absolute collagen,Livingbridge Aus Pty Ltd
active assistance,Livingbridge Aus Pty Ltd
adarma,Livingbridge Aus Pty Ltd
aims,Livingbridge Aus Pty Ltd
ajm healthcare,Livingbridge Aus Pty Ltd
americana,Livingbridge Aus Pty Ltd
audiotonix,Livingbridge Aus Pty Ltd
autologic,Livingbridge Aus Pty Ltd
better medical,Livingbridge Aus Pty Ltd
bistrot pierre,Livingbridge Aus Pty Ltd
blue 8,Livingbridge Aus Pty Ltd
boilerjuice,Livingbridge Aus Pty Ltd
bannisters port stephens,Salter Brothers Funds Management
bannisters pavilion,Salter Brothers Funds Management
bannisters by the sea,Salter Brothers Funds Management
kingsford barossa,Salter Brothers Funds Management
sofitel adelaide,Salter Brothers Funds Management
crowne plaza melbourne,Salter Brothers Funds Management
a forall,The Riverside Company
abracon,The Riverside Company
act test panels,The Riverside Company
actineo,The Riverside Company
activstyle,The Riverside Company
adherehealth,The Riverside Company
aerco,The Riverside Company
affinitiv,The Riverside Company
agens,The Riverside Company
agri max,The Riverside Company
aia corporation,The Riverside Company
airfocus,The Riverside Company
ais group,The Riverside Company
alchemy,The Riverside Company
alcohol monitoring systems,The Riverside Company
align networks,The Riverside Company
align ops,The Riverside Company
alpha h,The Riverside Company
alsana,The Riverside Company
altius group,The Riverside Company
american electronic components,The Riverside Company
american hospice,The Riverside Company
american products,The Riverside Company
american stock transfer trust,The Riverside Company
anitox,The Riverside Company
apica,The Riverside Company
apollo interactive,The Riverside Company
aptivio,The Riverside Company
arcos i,The Riverside Company
arcos ii,The Riverside Company
arena,The Riverside Company
arrowhead engineered products,The Riverside Company
ati,The Riverside Company
autocorp ai inc,The Riverside Company
avance clinical,The Riverside Company
avatar solutions,The Riverside Company
awp safety i,The Riverside Company
awp safety ii,The Riverside Company
ax semantics,The Riverside Company
axiom automotive technologies,The Riverside Company
baby jogger,The Riverside Company
baker hill,The Riverside Company
be green packaging,The Riverside Company
beaconmedaes,The Riverside Company
benesys,The Riverside Company
bentley laboratories,The Riverside Company
beonx,The Riverside Company
best life brands,The Riverside Company
big think,The Riverside Company
bike24 i,The Riverside Company
bike24 ii,The Riverside Company
bionativa,The Riverside Company
blue microphones,The Riverside Company
bluefletch,The Riverside Company
blueprint,The Riverside Company
bohemia interactive simulations,The Riverside Company
brandmuscle,The Riverside Company
brookson,The Riverside Company
buildout inc,The Riverside Company
camelot education,The Riverside Company
capol,The Riverside Company
caprock communications,The Riverside Company
caravelo,The Riverside Company
carborundum electrite,The Riverside Company
casavi,The Riverside Company
causematch,The Riverside Company
censis,The Riverside Company
certasite,The Riverside Company
chronicle heritage,The Riverside Company
circlelink health,The Riverside Company
cis secure computing,The Riverside Company
clarus,The Riverside Company
clayton group services,The Riverside Company
clinical education alliance,The Riverside Company
clockworks analytics,The Riverside Company
cloud factory,The Riverside Company
cloud range,The Riverside Company
cloudlex,The Riverside Company
cloudpermit,The Riverside Company
cmit solutions,The Riverside Company
coeur,The Riverside Company
commonwealth laminating coating,The Riverside Company
compleet,The Riverside Company
computer press,The Riverside Company
connexient,The Riverside Company
connor sport court international,The Riverside Company
consensus,The Riverside Company
contruent,The Riverside Company
convertr,The Riverside Company
corporate visions inc,The Riverside Company
creditlogic,The Riverside Company
crio,The Riverside Company
crisis prevention institute,The Riverside Company
cryptomathic,The Riverside Company
customergauge,The Riverside Company
cyber guru,The Riverside Company
cybersaint security,The Riverside Company
dastex,The Riverside Company
dawgs,The Riverside Company
dcm asia,The Riverside Company
deck commerce,The Riverside Company
decusoft,The Riverside Company
delaget,The Riverside Company
delta petroleum,The Riverside Company
dentalplans,The Riverside Company
dhd healthcare,The Riverside Company
diatron group,The Riverside Company
digital technology international,The Riverside Company
dingo,The Riverside Company
disa global solutions,The Riverside Company
doctor com,The Riverside Company
dpa microphones,The Riverside Company
dubois i,The Riverside Company
dubois ii,The Riverside Company
dynojet research,The Riverside Company
e a scheer,The Riverside Company
eemax,The Riverside Company
elite sportswear,The Riverside Company
em test,The Riverside Company
emergency communications network,The Riverside Company
energy exemplar,The Riverside Company
enhatch,The Riverside Company
entrix,The Riverside Company
epco,The Riverside Company
epilot,The Riverside Company
essential compositions,The Riverside Company
euromed,The Riverside Company
eventsair,The Riverside Company
eversmith brands,The Riverside Company
everway i,The Riverside Company
everway ii,The Riverside Company
evive brands,The Riverside Company
execvision,The Riverside Company
experient,The Riverside Company
expion health,The Riverside Company
express,The Riverside Company
fadata,The Riverside Company
fairpay solutions,The Riverside Company
fielo,The Riverside Company
fisher unitech,The Riverside Company
fla orthopedics,The Riverside Company
flavorsum,The Riverside Company
foodstate,The Riverside Company
freeeway,The Riverside Company
freightwise,The Riverside Company
furr,The Riverside Company
future metals,The Riverside Company
g a partners,The Riverside Company
g h orthodontics,The Riverside Company
galvanina,The Riverside Company
gastromatic,The Riverside Company
gfos,The Riverside Company
global claims services,The Riverside Company
global orthopaedic technologies,The Riverside Company
goby,The Riverside Company
goreact,The Riverside Company
grace hill,The Riverside Company
gravitee,The Riverside Company
greenline foods,The Riverside Company
greenphire,The Riverside Company
gti diagnostics,The Riverside Company
guestline,The Riverside Company
hammerblow towing systems,The Riverside Company
hapana,The Riverside Company
hardware resources,The Riverside Company
harvey performance,The Riverside Company
hcpro,The Riverside Company
h d advanced manufacturing,The Riverside Company
head to toe brands,The Riverside Company
health safety institute i,The Riverside Company
health safety institute ii,The Riverside Company
healthcarefirst,The Riverside Company
healthtech,The Riverside Company
herbthyme,The Riverside Company
heydata,The Riverside Company
hiway group,The Riverside Company
hmi,The Riverside Company
hr soft,The Riverside Company
hra pharma,The Riverside Company
hudson sharp,The Riverside Company
hydrocorp,The Riverside Company
iautomation,The Riverside Company
icev,The Riverside Company
ideoclick,The Riverside Company
ideon,The Riverside Company
idoc,The Riverside Company
ifs group,The Riverside Company
il pastaio di brescia,The Riverside Company
impact xm,The Riverside Company
independent living specialists,The Riverside Company
inscape publishing,The Riverside Company
insurance claims management,The Riverside Company
integrated power services,The Riverside Company
intrepid networks,The Riverside Company
invita,The Riverside Company
ironedge,The Riverside Company
it s just lunch,The Riverside Company
junior sports corporation,The Riverside Company
justrite manufacturing,The Riverside Company
kasasa,The Riverside Company
kaseware,The Riverside Company
keepsake quilting,The Riverside Company
keona health,The Riverside Company
keycast,The Riverside Company
keymile,The Riverside Company
kfm,The Riverside Company
lacuna solutions,The Riverside Company
lakeview health,The Riverside Company
l com,The Riverside Company
learning seat,The Riverside Company
leftshift,The Riverside Company
lexipol i,The Riverside Company
lexipol ii,The Riverside Company
lillebaby,The Riverside Company
lmg holdings inc,The Riverside Company
loadstop,The Riverside Company
localtel,The Riverside Company
logically,The Riverside Company
london s farm dairy,The Riverside Company
loop tie,The Riverside Company
lumen dynamics group,The Riverside Company
marena group,The Riverside Company
marketmuse,The Riverside Company
maverick,The Riverside Company
mec3,The Riverside Company
media source,The Riverside Company
mediafly,The Riverside Company
megachemie,The Riverside Company
merit industries,The Riverside Company
mifam,The Riverside Company
mintra,The Riverside Company
mk chimney systems,The Riverside Company
mlcoa,The Riverside Company
mmg fusion,The Riverside Company
mnx,The Riverside Company
modern campus,The Riverside Company
modern hire,The Riverside Company
momentum group i,The Riverside Company
momentum group ii,The Riverside Company
monessen,The Riverside Company
montel,The Riverside Company
moss,The Riverside Company
mw industries,The Riverside Company
myskillcamp,The Riverside Company
naka,The Riverside Company
navex global,The Riverside Company
navigate360,The Riverside Company
neighborly,The Riverside Company
netwatch group,The Riverside Company
nordco,The Riverside Company
north american dental group,The Riverside Company
novamed,The Riverside Company
npc,The Riverside Company
nustef baking,The Riverside Company
oaky,The Riverside Company
olympic boat centers,The Riverside Company
omnigo software,The Riverside Company
on location,The Riverside Company
oncourse learning,The Riverside Company
oni communications,The Riverside Company
onscent,The Riverside Company
oomnitza,The Riverside Company
orliman,The Riverside Company
orthod,The Riverside Company
outsolve,The Riverside Company
outward hound,The Riverside Company
ownlocal,The Riverside Company
paradigm tax group,The Riverside Company
pareto,The Riverside Company
parker food group,The Riverside Company
partium,The Riverside Company
patronmanager,The Riverside Company
peak,The Riverside Company
peerspot,The Riverside Company
peoplegrove,The Riverside Company
performance systems integration,The Riverside Company
pfb corporation,The Riverside Company
polar windows,The Riverside Company
ppc insulators,The Riverside Company
precision wire components,The Riverside Company
primalex,The Riverside Company
production control services,The Riverside Company
profitsystems,The Riverside Company
propensity,The Riverside Company
prosites,The Riverside Company
pro vigil,The Riverside Company
purple,The Riverside Company
pypestream,The Riverside Company
qualserv,The Riverside Company
quivers,The Riverside Company
rameder,The Riverside Company
readyset surgical,The Riverside Company
recovery point,The Riverside Company
red nucleus,The Riverside Company
redteam,The Riverside Company
reima,The Riverside Company
relay fire and safety,The Riverside Company
repa,The Riverside Company
results weight loss,The Riverside Company
retail zoo,The Riverside Company
revegy,The Riverside Company
revtrax,The Riverside Company
richter chemie technik,The Riverside Company
rutland group,The Riverside Company
safebuilt,The Riverside Company
salgglas,The Riverside Company
screenvision media,The Riverside Company
seatex,The Riverside Company
selig sealing products,The Riverside Company
sencore,The Riverside Company
sentinel,The Riverside Company
sevdesk,The Riverside Company
shinsouki,The Riverside Company
showd me,The Riverside Company
siffron,The Riverside Company
sigg,The Riverside Company
simcro,The Riverside Company
smartways 1,The Riverside Company
soluta inc and boon chapman benefit administrators inc,The Riverside Company
soo,The Riverside Company
south florida newspaper network,The Riverside Company
specialized medical services,The Riverside Company
spectrio,The Riverside Company
spirion,The Riverside Company
spofadental,The Riverside Company
sportsrecruits,The Riverside Company
squirro,The Riverside Company
stemlab,The Riverside Company
stoffel seals,The Riverside Company
suitepad,The Riverside Company
sunless inc,The Riverside Company
sunrise windows,The Riverside Company
surewerx,The Riverside Company
swedish education group,The Riverside Company
sytrue,The Riverside Company
t3 services group,The Riverside Company
tate s bake shop,The Riverside Company
team technologies,The Riverside Company
tensator,The Riverside Company
teufel,The Riverside Company
derm group,The Riverside Company
dwyer group i,The Riverside Company
dwyer group ii,The Riverside Company
heala group,The Riverside Company
townsend group,The Riverside Company
vomela companies,The Riverside Company
thibaut,The Riverside Company
thinktank,The Riverside Company
threatmark inc,The Riverside Company
threshold brands,The Riverside Company
todaytix,The Riverside Company
toolport,The Riverside Company
transporeon,The Riverside Company
trend technologies,The Riverside Company
tropikal pet,The Riverside Company
true health group,The Riverside Company
trustwell,The Riverside Company
turtl,The Riverside Company
typsy,The Riverside Company
uinta brewing,The Riverside Company
ultravolt,The Riverside Company
unifocus,The Riverside Company
unipac,The Riverside Company
united central industrial supply,The Riverside Company
universal air filter,The Riverside Company
us cabinet depot,The Riverside Company
veritext,The Riverside Company
viking plastics,The Riverside Company
vitex packaging group,The Riverside Company
vitg,The Riverside Company
vivi,The Riverside Company
vokes air group,The Riverside Company
wall street prep,The Riverside Company
waste service group,The Riverside Company
water jel,The Riverside Company
welltec,The Riverside Company
whatcounts,The Riverside Company
whitney automotive group,The Riverside Company
wildlife international,The Riverside Company
wiz korea,The Riverside Company
wondr health,The Riverside Company
work health group,The Riverside Company
workplace media,The Riverside Company
workstride,The Riverside Company
xcentric,The Riverside Company
y international,The Riverside Company
yourmembership,The Riverside Company
yumearth,The Riverside Company
zetkama,The Riverside Company
ziflow,The Riverside Company
zoobean,The Riverside Company
